Start Date,Last Buy Date,Sell Date,Total ETH Bought,Total Paid USD,Current Value of DCA Asset,ROI,Current Value of Hold Asset,ROI Hold
2020-01-01,2020-04-01,2020-04-08,8.235062219525028,1400,1390.490255766801,-0.679267445228496,1804.2283620821245,28.873454434437463
2020-01-02,2020-04-02,2020-04-09,8.274077821690101,1400,1410.2338239288608,0.7309874234900592,1851.3150748700446,32.23679106214604
2020-01-03,2020-04-03,2020-04-10,8.34656576309846,1400,1359.9059597816322,-2.8638600155977008,1747.6402083971807,24.831443456941475
2020-01-04,2020-04-04,2020-04-11,8.240593210860416,1400,1303.9090637544434,-6.863638303254041,1646.391675956893,17.599405425492364
2020-01-05,2020-04-05,2020-04-12,8.297728713999923,1400,1331.1216402998675,-4.919882835723748,1636.5809225388034,16.898637324200244
2020-01-06,2020-04-06,2020-04-13,8.335546603065028,1400,1301.8456684666962,-7.011023680950269,1559.5720399429388,11.398002853067055
2020-01-07,2020-04-07,2020-04-14,8.118172883147567,1400,1285.9997664194061,-8.142873827185278,1553.583187390543,10.970227670753063
2020-01-08,2020-04-08,2020-04-15,8.064061601020809,1400,1264.1222965760219,-9.705550244569865,1539.5580498070851,9.96843212907751
2020-01-09,2020-04-09,2020-04-16,8.084939174294266,1400,1307.8197608338405,-6.5843027975828194,1631.3499495749893,16.52499639821352
2020-01-10,2020-04-10,2020-04-17,8.194160168935683,1400,1409.4774906586267,0.6769636184733372,1722.0680778032036,23.004862700228827
2020-01-11,2020-04-11,2020-04-18,8.129366481254829,1400,1461.497505999993,4.392678999999508,1743.7439379243453,24.553138423167525
2020-01-12,2020-04-12,2020-04-19,8.192388748134068,1400,1508.3006924189633,7.735763744211664,1784.6292321539847,27.473516582427482
2020-01-13,2020-04-13,2020-04-20,8.262566689804258,1400,1472.3893841231186,5.17067029450847,1722.333448394891,23.02381774249222
2020-01-14,2020-04-14,2020-04-21,8.048920767304168,1400,1391.4169330438715,-0.613076211152036,1552.6913453518957,10.906524667992553
2020-01-15,2020-04-15,2020-04-22,8.000471194481657,1400,1422.4037736668936,1.6002695476352562,1501.5141461060505,7.251010436146463
2020-01-16,2020-04-16,2020-04-23,7.982781679250908,1400,1474.4996039744353,5.321400283888238,1582.776349614396,13.055453543885424
2020-01-17,2020-04-17,2020-04-24,8.060418742854473,1400,1513.1018064086418,8.078700457760126,1565.0786088613627,11.791329204383048
2020-01-18,2020-04-18,2020-04-25,7.992793233823704,1400,1539.65176063146,9.975125759390007,1561.9251708560178,11.566083632572697
2020-01-19,2020-04-19,2020-04-26,8.043165367641821,1400,1584.9861673474973,13.213297667678376,1618.4676757010443,15.60483397864602
2020-01-20,2020-04-20,2020-04-27,8.133364570037186,1400,1598.206138012307,14.157581286593363,1660.0289645184648,18.57349746560463
2020-01-21,2020-04-21,2020-04-28,7.985829862763225,1400,1571.7710335890579,12.269359542075563,1641.5346121768137,17.252472298343832
2020-01-22,2020-04-22,2020-04-29,7.959687064687257,1400,1657.9232187037087,18.423087050264908,1726.6031144531946,23.328793889513904
2020-01-23,2020-04-23,2020-04-30,7.912100863139784,1400,1716.7676452840703,22.626260377433596,1848.8861838101031,32.0632988435788
2020-01-24,2020-04-24,2020-05-01,7.997605354806407,1400,1701.0906589673227,21.50647564052305,1854.9803774995326,32.49859839282375
2020-01-25,2020-04-25,2020-05-02,7.932750231007047,1400,1700.4643395186706,21.4617385370479,1864.8107872988255,33.20077052134468
2020-01-26,2020-04-26,2020-05-03,7.963977130665032,1400,1704.1318264197037,21.723701887121692,1823.878234398782,30.277016742770147
2020-01-27,2020-04-27,2020-05-04,8.038842954436145,1400,1651.4998965593616,17.964278325668683,1692.754987934789,20.911070566770636
2020-01-28,2020-04-28,2020-05-05,7.898173769386822,1400,1642.0303266555202,17.2878804753943,1677.095937770095,19.792566983578208
2020-01-29,2020-04-29,2020-05-06,7.847685557704137,1400,1630.6705820353427,16.476470145381622,1644.001130262786,17.42865216162758
2020-01-30,2020-04-30,2020-05-07,7.764330106187168,1400,1616.7664580113537,15.48331842938241,1625.7082310952487,16.12201650680348
2020-01-31,2020-05-01,2020-05-08,7.844814577219084,1400,1667.650682825233,19.117905916088066,1645.6289742880842,17.544926734863157
2020-02-01,2020-05-02,2020-05-09,7.77786699476267,1400,1648.2077948601573,17.72912820429695,1631.8701870187017,16.562156215621552
2020-02-02,2020-05-03,2020-05-10,7.822482520221204,1400,1542.0459792112058,10.146141372228985,1478.7654717891014,5.626105127792958
2020-02-03,2020-05-04,2020-05-11,7.937056201287923,1400,1476.6099356876052,5.472138263400374,1365.6459731543623,-2.453859060402692
2020-02-04,2020-05-05,2020-05-12,7.8029714269934685,1400,1472.0305597023178,5.145039978736983,1402.9002443429301,0.20716031020929548
2020-02-05,2020-05-06,2020-05-13,7.763809277990832,1400,1511.3031140536955,7.95022243240682,1377.9148548892708,-1.5775103650520836
2020-02-06,2020-05-07,2020-05-14,7.68690602461005,1400,1541.147788874069,10.081984919576355,1347.8319327731094,-3.7262905162064692
2020-02-07,2020-05-08,2020-05-15,7.762281287469986,1400,1542.0548005687874,10.1467714691991,1277.4389123645049,-8.754363402535366
2020-02-08,2020-05-09,2020-05-16,7.699710436716228,1400,1529.4704811493114,9.247891510665095,1258.4098828001265,-10.113579799990962
2020-02-09,2020-05-10,2020-05-17,7.793942444495578,1400,1594.87444241713,13.919603029794999,1265.2680858581398,-9.623708152990016
2020-02-10,2020-05-11,2020-05-18,7.950246155385982,1400,1681.5565643256891,20.111183166120654,1324.1246702141932,-5.419666413271914
2020-02-11,2020-05-12,2020-05-19,7.801873307140782,1400,1656.883834237488,18.34884530267771,1306.4329027155284,-6.683364091747973
2020-02-12,2020-05-13,2020-05-20,7.771913204658109,1400,1642.5938558044913,17.328132557463668,1164.2337202439503,-16.84044855400355
2020-02-13,2020-05-14,2020-05-21,7.705491941694225,1400,1560.2850632736638,11.448933090975986,1064.416325611084,-23.970262456351147
2020-02-14,2020-05-15,2020-05-22,7.806348353827257,1400,1587.1867473001578,13.370481950011271,1039.202657807309,-25.77123872804936
2020-02-15,2020-05-16,2020-05-23,7.750624551698059,1400,1610.8898068249246,15.063557630351754,1055.4080522306856,-24.61371055495103
2020-02-16,2020-05-17,2020-05-24,7.840972245370279,1400,1619.003949224055,15.643139230289648,1121.8255200248368,-19.869605712511657
2020-02-17,2020-05-18,2020-05-25,7.9758698441632125,1400,1623.1692719856553,15.940662284689665,1114.6870109546167,-20.379499217527382
2020-02-18,2020-05-19,2020-05-26,7.833343684744718,1400,1590.247101440025,13.589078674287505,1043.638233026108,-25.454411926706566
2020-02-19,2020-05-20,2020-05-27,7.8515935857984145,1400,1612.0891950361304,15.149228216866456,1058.1557150745446,-24.417448923246816
2020-02-20,2020-05-21,2020-05-28,7.823869453948416,1400,1668.5183997490392,19.179885696359943,1160.2829162132753,-17.122648841908912
2020-02-21,2020-05-22,2020-05-29,7.933100462464132,1400,1755.03981531094,25.359986807924283,1185.085134876602,-15.351061794528423
2020-02-22,2020-05-23,2020-05-30,7.869050795707639,1400,1820.4262110790053,30.030443648500377,1233.1086997905961,-11.920807157814563
2020-02-23,2020-05-24,2020-05-31,7.937202416391742,1400,1881.5138328056623,34.393845200404456,1238.9681176734116,-11.502277309042029
2020-02-24,2020-05-25,2020-06-01,8.076009882576692,1400,1933.073725493557,38.07669467811122,1252.3506988564168,-10.546378653113086
2020-02-25,2020-05-26,2020-06-02,7.958728699900161,1400,1931.742630039767,37.98161643141192,1326.597696662112,-5.243021666992003
2020-02-26,2020-05-27,2020-06-03,7.970517455481089,1400,1911.489496173475,36.534964012391065,1425.9237237747388,1.851694555338489
2020-02-27,2020-05-28,2020-06-04,7.9041594700879125,1400,1907.6688881057175,36.26206343612268,1502.0671260280062,7.2905090020004435
2020-02-28,2020-05-29,2020-06-05,8.002490065115348,1400,1952.6876007887959,39.47768577062828,1516.397372159091,8.314098011363642
2020-02-29,2020-05-30,2020-06-06,7.920580177387481,1400,1923.5128960785496,37.39377829132497,1504.0477770404777,7.431984074319839
2020-03-01,2020-05-31,2020-06-07,7.985724995210733,1400,1923.6014368463614,37.40010263188295,1530.0907441016334,9.292196007259527
2020-03-02,2020-06-01,2020-06-08,8.120070622270513,1400,1982.0280381900095,41.5734312992864,1518.4447900466564,8.460342146189744
2020-03-03,2020-06-02,2020-06-09,7.980329810921058,1400,1957.8941158113723,39.84957970081231,1512.9101880808703,8.065013434347877
2020-03-04,2020-06-03,2020-06-10,7.96279627061186,1400,1956.7775555401586,39.76982539572561,1528.6412512218963,9.188660801564017
2020-03-05,2020-06-04,2020-06-11,7.873952264776123,1400,1889.1186273650874,34.93704481179196,1463.5642701525055,4.540305010893251
2020-03-06,2020-06-05,2020-06-12,7.968417289362864,1400,1868.5938543555917,33.47098959682798,1390.2180817277153,-0.6987084480203326
2020-03-07,2020-06-06,2020-06-13,7.889976989928885,1400,1874.1851341877075,33.870366727693394,1364.2763373810305,-2.5516901870692466
2020-03-08,2020-06-07,2020-06-14,7.9471489573194205,1400,1875.765568396103,33.983254885435926,1507.5596514439526,7.682832245996614
2020-03-09,2020-06-08,2020-06-15,8.085409873586874,1400,1841.371244610675,31.526517472191067,1595.2967076953867,13.949764835384762
2020-03-10,2020-06-09,2020-06-16,7.947457008139824,1400,1847.0684832617765,31.93346309012689,1611.640001981277,15.117142998662644
2020-03-11,2020-06-10,2020-06-17,7.925404471142649,1400,1843.8453502113373,31.703239300809805,1681.8651244449036,20.13322317463597
2020-03-12,2020-06-11,2020-06-18,7.855028019148859,1400,1820.4812937179395,30.034378122709963,2118.1877529703615,51.29912521216868
2020-03-13,2020-06-12,2020-06-19,7.971396856305381,1400,1829.1964366163957,30.65688832974255,2762.0840856332215,97.29172040237297
2020-03-14,2020-06-13,2020-06-20,7.90071913940716,1400,1809.5807116898159,29.25576512070113,2496.348773841962,78.3106267029973
2020-03-15,2020-06-14,2020-06-21,7.914598721137592,1400,1823.7609833117353,30.26864166512395,2539.1735537190084,81.36953955135773
2020-03-16,2020-06-15,2020-06-22,8.024156844538902,1400,1896.5897117752152,35.47069369822965,2875.4257907542583,105.38755648244702
2020-03-17,2020-06-16,2020-06-23,7.882411859485883,1400,1909.9872176720244,36.4276584051446,2957.576285963383,111.25544899738449
2020-03-18,2020-06-17,2020-06-24,7.838865794269079,1400,1886.5014420487967,34.75010300348548,2958.5879873551107,111.32771338250791
2020-03-19,2020-06-18,2020-06-25,7.633682121616201,1400,1780.0219971184658,27.1444283656047,2557.7998903079215,82.69999216485154
2020-03-20,2020-06-19,2020-06-26,7.547412368562439,1400,1747.8297563116896,24.844982593692112,2371.1840854238285,69.37029181598776
2020-03-21,2020-06-20,2020-06-27,7.558811059146081,1400,1712.2974692283617,22.306962087740125,2410.443110131489,72.17450786653494
2020-03-22,2020-06-21,2020-06-28,7.561478296056841,1400,1694.0735974485747,21.005256960612474,2421.4930904037674,72.96379217169768
2020-03-23,2020-06-22,2020-06-29,7.578279553616383,1400,1713.297441481592,22.378388677256567,2465.2387257574583,76.08848041124702
2020-03-24,2020-06-23,2020-06-30,7.423266760243654,1400,1686.195044589346,20.44250318495329,2311.7912183774356,65.12794416981683
2020-03-25,2020-06-24,2020-07-01,7.3762724535289985,1400,1687.691137367435,20.549366954816783,2323.685165034458,65.97751178817558
2020-03-26,2020-06-25,2020-07-02,7.279020520428915,1400,1666.3861677417915,19.027583410127964,2341.8237615081102,67.27312582200787
2020-03-27,2020-06-26,2020-07-03,7.247860197321452,1400,1647.2211870452463,17.658656217517596,2323.824130879346,65.98743791995328
2020-03-28,2020-06-27,2020-07-04,7.240202010161244,1400,1647.7975754925976,17.69982682089983,2441.5785440613026,74.39846743295018
2020-03-29,2020-06-28,2020-07-05,7.235805236908038,1400,1643.9749498255062,17.4267821303933,2478.996181123841,77.07115579456007
2020-03-30,2020-06-29,2020-07-06,7.241723996241795,1400,1698.7636150384003,21.340258217028595,2534.0432098765436,81.00308641975312
2020-03-31,2020-06-30,2020-07-07,7.136548978294207,1400,1701.7101038742535,21.550721705303822,2510.755114320096,79.33965102286399
2020-04-01,2020-07-01,2020-07-08,7.087909202706553,1400,1724.8427044786395,23.203050319902818,2567.7570093457944,83.41121495327103
2020-04-02,2020-07-02,2020-07-09,6.985161586160765,1400,1701.5853623887624,21.541811599197313,2414.2715559960357,72.44796828543112
2020-04-03,2020-07-03,2020-07-10,6.957511986295125,1400,1668.4809494334338,19.1772106738167,2343.529247521988,67.39494625157057
2020-04-04,2020-07-04,2020-07-11,6.913305101540699,1400,1658.7092930126598,18.479235215189988,2353.0788091068302,68.07705779334502
2020-04-05,2020-07-05,2020-07-12,6.89658360048832,1400,1658.9042192614604,18.49315851867574,2336.6361365528724,66.90258118234803
2020-04-06,2020-07-06,2020-07-13,6.896412859658312,1400,1663.8975306497612,18.849823617840084,2159.567802570168,54.2548430407263
2020-04-07,2020-07-07,2020-07-14,6.803818212838706,1400,1632.2359892600057,16.588284947143265,1979.1396582203888,41.36711844431349
2020-04-08,2020-07-08,2020-07-15,6.745146864702562,1400,1613.776387380088,15.269741955720567,1983.71335504886,41.69381107491857
2020-04-09,2020-07-09,2020-07-16,6.68775613342911,1400,1573.6958957572037,12.406849696943125,1932.8444027223657,38.06031448016898
2020-04-10,2020-07-10,2020-07-17,6.676477224393742,1400,1557.355077362084,11.239648383006006,2004.320873994967,43.16577671392622
2020-04-11,2020-07-11,2020-07-18,6.629567937395552,1400,1554.1696115636394,11.012115111688527,2074.2084307653417,48.15774505466727
2020-04-12,2020-07-12,2020-07-19,6.618448649202263,1400,1563.4099399145587,11.672138565325618,2061.513526991647,47.25096621368906
2020-04-13,2020-07-13,2020-07-20,6.671540960786814,1400,1582.5562313082403,13.039730807731448,2126.354206684595,51.88244333461392
2020-04-14,2020-07-14,2020-07-21,6.6313833714701635,1400,1597.6991956883066,14.121371120593333,2129.297392841361,52.09267091724009
2020-04-15,2020-07-15,2020-07-22,6.570878061881586,1400,1660.658012579333,18.618429469952353,2257.0936463383514,61.22097473845367
2020-04-16,2020-07-16,2020-07-23,6.526010714704156,1400,1757.5852056841231,25.541800406008797,2330.9099901088034,66.49357072205738
2020-04-17,2020-07-17,2020-07-24,6.491422878539646,1400,1802.7979618280308,28.771282987716486,2260.380210452881,61.45572931806292
2020-04-18,2020-07-18,2020-07-25,6.424143098191238,1400,1881.5030305982498,34.3930736141607,2280.7431304928245,62.910223606630325
2020-04-19,2020-07-19,2020-07-26,6.418419158838666,1400,1978.9911792447258,41.356512803194704,2344.587474879148,67.47053391993914
2020-04-20,2020-07-20,2020-07-27,6.452821499825582,1400,2066.064387814155,47.57602770101107,2515.443322109989,79.67452300785635
2020-04-21,2020-07-21,2020-07-28,6.415168408961385,1400,2032.3895036430565,45.170678831646896,2565.7083357436222,83.26488112454444
2020-04-22,2020-07-22,2020-07-29,6.328639409017052,1400,2017.2538116241853,44.0895579731561,2509.9836886214075,79.28454918724339
2020-04-23,2020-07-23,2020-07-30,6.279116422701863,1400,2054.4641023438226,46.74743588170161,2479.9198743977045,77.13713388555033
2020-04-24,2020-07-24,2020-07-31,6.270136225370761,1400,2125.4507776761807,51.81791269115577,2528.0843809929684,80.57745578521202
2020-04-25,2020-07-25,2020-08-01,6.209344465281411,1400,2273.9861300753587,62.42758071966848,2661.620723667134,90.11576597622386
2020-04-26,2020-07-26,2020-08-02,6.199593439901361,1400,2381.821803675704,70.13012883397886,2729.4529584898,94.96092560641429
2020-04-27,2020-07-27,2020-08-03,6.203978589563053,1400,2375.6274815154843,69.68767725110602,2728.1832061068703,94.8702290076336
2020-04-28,2020-07-28,2020-08-04,6.152345640978857,1400,2410.7351159611553,72.19536542579681,2787.1964231277307,99.0854587948379
2020-04-29,2020-07-29,2020-08-05,6.079903568429621,1400,2409.2225880259216,72.08732771613727,2663.4211916078543,90.24437082913245
2020-04-30,2020-07-30,2020-08-06,6.04336003074138,1400,2405.499026636299,71.82135904544992,2568.236703843673,83.44547884597662
2020-05-01,2020-07-31,2020-08-07,6.03243059145368,1400,2310.9638352799902,65.06884537714215,2521.513869299483,80.10813352139164
2020-05-02,2020-08-01,2020-08-08,5.963274436401985,1400,2299.8560518871536,64.27543227765383,2518.8374696771784,79.91696211979846
2020-05-03,2020-08-02,2020-08-09,5.952421661337592,1400,2337.9921801401792,66.99944143858423,2569.828955977194,83.55921114122813
2020-05-04,2020-08-03,2020-08-10,5.956223891433853,1400,2353.9592441335726,68.13994600954089,2693.2145638629286,92.37246884735204
2020-05-05,2020-08-04,2020-08-11,5.899473400281537,1400,2269.350432886299,62.096459491878505,2590.3703703703704,85.02645502645503
2020-05-06,2020-08-05,2020-08-12,5.852163269562381,1400,2221.5982203912713,58.6855871708051,2557.716925742336,82.69406612445258
2020-05-07,2020-08-06,2020-08-13,5.833719093031661,1400,2370.298404689694,69.30702890640671,2731.7581520434137,95.12558228881527
2020-05-08,2020-08-07,2020-08-14,5.823320112137092,1400,2527.0879958630126,80.50628541878662,2857.954652366168,104.13961802615486
2020-05-09,2020-08-08,2020-08-15,5.75605852093073,1400,2508.5478640068213,79.18199028620153,2879.2128733896466,105.65806238497476
2020-05-10,2020-08-09,2020-08-16,5.739683713526532,1400,2443.268563173974,74.5191830838553,3023.1420889768174,115.93872064120123
2020-05-11,2020-08-10,2020-08-17,5.722493801488376,1400,2476.0658429660057,76.86184592614326,3256.1062137174804,132.5790152655343
2020-05-12,2020-08-11,2020-08-18,5.678436004522952,1400,2419.7519346073655,72.8394239005261,3162.3747680890538,125.88391200636097
2020-05-13,2020-08-12,2020-08-19,5.634329472279697,1400,2320.4985931583933,65.7498995113138,2962.0363711085997,111.57402650775711
2020-05-14,2020-08-13,2020-08-20,5.599598391378206,1400,2303.562786245166,64.54019901751187,2872.6220759140106,105.18729113671503
2020-05-15,2020-08-14,2020-08-21,5.583344957684712,1400,2250.3113517452466,60.73652512466047,2840.3100775193802,102.8792912513843
2020-05-16,2020-08-15,2020-08-22,5.513617864715924,1400,2148.3260648079126,53.451861771993755,2746.153846153846,96.15384615384616
2020-05-17,2020-08-16,2020-08-23,5.4673225017214175,1400,2136.4656139976782,52.60468671411987,2673.49850950496,90.96417925035429
2020-05-18,2020-08-17,2020-08-24,5.416087332040192,1400,2162.914476050251,54.493891146446494,2643.3265566639875,88.8090397617134
2020-05-19,2020-08-18,2020-08-25,5.383024012862283,1400,2107.130919594812,50.50935139962943,2580.4774685690068,84.31981918350047
2020-05-20,2020-08-19,2020-08-26,5.36342009627446,1400,2066.4721288935866,47.60515206382762,2552.1930447125624,82.29950319375445
2020-05-21,2020-08-20,2020-08-27,5.3439046504653875,1400,2057.9911199407256,46.99936571005183,2662.6203763148796,90.18716973677712
2020-05-22,2020-08-21,2020-08-28,5.328086692372623,1400,2075.396328412984,48.24259488664172,2682.116860121975,91.57977572299822
2020-05-23,2020-08-22,2020-08-29,5.266841747905929,1400,2103.2079151912744,50.22913679937674,2689.867205542725,92.13337182448036
2020-05-24,2020-08-23,2020-08-30,5.2345406114781685,1400,2167.8326488375687,54.845189202683486,2808.000774893452,100.57148392096087
2020-05-25,2020-08-24,2020-08-31,5.1937033586791985,1400,2228.9816704443515,59.21297646031082,2952.3758046287653,110.88398604491181
2020-05-26,2020-08-25,2020-09-01,5.16761470573092,1400,2375.2940994892174,69.66386424922982,3169.8438500566476,126.41741786118912
2020-05-27,2020-08-26,2020-09-02,5.149816049468796,1400,2329.776780779683,66.41262719854879,3084.7457627118642,120.33898305084745
2020-05-28,2020-08-27,2020-09-03,5.109719171675491,1400,2122.2196635719815,51.58711882657011,2726.540373253306,94.75288380380756
2020-05-29,2020-08-28,2020-09-04,5.092977389325288,1400,1971.084109216673,40.79172208690521,2449.1615061248476,74.94010758034626
2020-05-30,2020-08-29,2020-09-05,5.036121862536735,1400,1790.1902384759333,27.87073131970952,2151.197371833665,53.65695513097606
2020-05-31,2020-08-30,2020-09-06,4.9916964430303965,1400,1694.1817727645164,21.012983768894028,2004.4716304577091,43.17654503269351
2020-06-01,2020-08-31,2020-09-07,4.935334912504227,1400,1689.0196671063218,20.64426193616584,2001.6794786096257,42.97710561497326
2020-06-02,2020-09-01,2020-09-08,4.892584970364469,1400,1674.1936510090177,19.585260786358404,1973.7392880685566,40.98137771918261
2020-06-03,2020-09-02,2020-09-09,4.883814760673819,1400,1688.1394101745125,20.581386441036607,2017.8633975481612,44.13309982486865
2020-06-04,2020-09-03,2020-09-10,4.88158038130685,1400,1778.11565389102,27.00826099221571,2112.9065672260203,50.92189765900146
2020-06-05,2020-09-04,2020-09-11,4.899343707395811,1400,1793.6987247146806,28.12133747962004,2100.5450596287037,50.0389328306217
2020-06-06,2020-09-05,2020-09-12,4.885175354727423,1400,1845.0818797270003,31.791562837642886,2177.3358039942354,55.52398599958824
2020-06-07,2020-09-06,2020-09-13,4.864482108815035,1400,1807.8847757411077,29.134626838650547,2160.038193291265,54.28844237794751
2020-06-08,2020-09-07,2020-09-14,4.809755315113662,1400,1784.563514566622,27.468822469044422,2128.0757097791798,52.00540784136999
2020-06-09,2020-09-08,2020-09-15,4.772822915017491,1400,1778.1629052189164,27.01163608706546,2125.9639683704245,51.854569169316036
2020-06-10,2020-09-09,2020-09-16,4.756136985331377,1400,1734.7058426599133,23.907560189993806,2077.8953365345487,48.421095466753485
2020-06-11,2020-09-10,2020-09-17,4.741781074075548,1400,1798.7946504505592,28.48533217503994,2213.6128709569857,58.115205068356126
2020-06-12,2020-09-11,2020-09-18,4.762666389566137,1400,1830.91184014091,30.779417152922147,2295.1044776119406,63.93603411513862
2020-06-13,2020-09-12,2020-09-19,4.738165939599705,1400,1814.243738272727,29.58883844805192,2256.7146585838173,61.19390418455838
2020-06-14,2020-09-13,2020-09-20,4.718408000439015,1400,1775.7728509652234,26.840917926087382,2232.30097868915,59.450069906367844
2020-06-15,2020-09-14,2020-09-21,4.66959034774884,1400,1661.907204763812,18.707657483129424,2187.845789057697,56.27469921840692
2020-06-16,2020-09-15,2020-09-22,4.633638436894997,1400,1583.4532630401275,13.103804502866248,2058.5258809861884,47.03756292758489
2020-06-17,2020-09-16,2020-09-23,4.6233782447102225,1400,1534.129369159746,9.580669225696138,1996.7676767676764,42.6262626262626
2020-06-18,2020-09-17,2020-09-24,4.588584276742331,1400,1537.175732708681,9.798266622048638,2023.645150155333,44.54608215395236
2020-06-19,2020-09-18,2020-09-25,4.596352537590124,1400,1601.3232605710232,14.38023289793023,2125.5327493790037,51.82376781278598
2020-06-20,2020-09-19,2020-09-26,4.578349005192397,1400,1611.48728284762,15.106234489115714,2151.4669926650367,53.67621376178834
2020-06-21,2020-09-20,2020-09-27,4.5604431541353945,1400,1623.1073229883284,15.93623735630917,2162.3660113700475,54.45471509786054
2020-06-22,2020-09-21,2020-09-28,4.511470934378773,1400,1626.3401571342038,16.167154081014555,2135.2428498899985,52.51734642071418
2020-06-23,2020-09-22,2020-09-29,4.4959930357666655,1400,1601.6975189918746,14.40696564227676,2058.313730345425,47.0224093103875
2020-06-24,2020-09-23,2020-09-30,4.4949162393269955,1400,1605.808826499569,14.70063046425493,2078.2431646305995,48.44594033075711
2020-06-25,2020-09-24,2020-10-01,4.455610897178294,1400,1594.5294717731963,13.894962269514021,2148.6319581439234,53.47371129599453
2020-06-26,2020-09-25,2020-10-02,4.44760036958075,1400,1535.711931612537,9.6937094008955,2087.4255117022194,49.101822264444245
2020-06-27,2020-09-26,2020-10-03,4.4258510968970715,1400,1540.1519232092119,10.010851657800849,2150.646713459586,53.61762238997042
2020-06-28,2020-09-27,2020-10-04,4.407441791156381,1400,1540.7975757703591,10.056969697882794,2184.5474022495982,56.039100160685585
2020-06-29,2020-09-28,2020-10-05,4.365787707602123,1400,1538.7218775443682,9.908705538883444,2182.546001415428,55.896142958244845
2020-06-30,2020-09-29,2020-10-06,4.364000307877859,1400,1512.1261066796783,8.009007619977021,2135.593220338983,52.542372881355924
2020-07-01,2020-09-30,2020-10-07,4.359308288786037,1400,1475.6258557540737,5.40184683957669,2071.2412587412587,47.94580419580419
2020-07-02,2020-10-01,2020-10-08,4.306188729083751,1400,1481.0274895937746,5.787677828126756,2103.271742454025,50.23369588957323
2020-07-03,2020-10-02,2020-10-09,4.305395781366656,1400,1542.451092632418,10.17507804517272,2206.9080828969945,57.63629163549962
2020-07-04,2020-10-03,2020-10-10,4.271773041809367,1400,1588.2879346751408,13.449138191081488,2287.1567292060286,63.36833780043061
2020-07-05,2020-10-04,2020-10-11,4.24714229700413,1400,1586.4775336229227,13.319823830208763,2301.742957746479,64.41021126760565
2020-07-06,2020-10-05,2020-10-12,4.2071945938037265,1400,1602.4362768879632,14.459734063425945,2273.1349646176145,62.36678318697246
2020-07-07,2020-10-06,2020-10-13,4.212362868104826,1400,1606.9321869246291,14.78087049461637,2239.7651499266094,59.98322499475781
2020-07-08,2020-10-07,2020-10-14,4.217666326612318,1400,1605.834277194374,14.70244837102671,2190.4088761043763,56.45777686459831
2020-07-09,2020-10-08,2020-10-15,4.160130822272558,1400,1565.374025804718,11.812430414622717,2162.5287356321837,54.46633825944169
2020-07-10,2020-10-09,2020-10-16,4.144517392387982,1400,1538.9007529675816,9.92148235482726,2167.6910887786166,54.83507776990118
2020-07-11,2020-10-10,2020-10-17,4.101340999098222,1400,1505.7253209989303,7.551808642780737,2142.21647980661,53.015462843329296
2020-07-12,2020-10-11,2020-10-18,4.074710398766711,1400,1521.3338744835391,8.666705320252795,2173.0439843685044,55.217427454893176
2020-07-13,2020-10-12,2020-10-19,4.043450676593653,1400,1530.4865155974635,9.32046539981882,2196.35263397853,56.88233099846642
2020-07-14,2020-10-13,2020-10-20,4.05512467738773,1400,1517.3465517849409,8.381896556067204,2183.626511046269,55.97332221759065
2020-07-15,2020-10-14,2020-10-21,4.0693819938272195,1400,1565.4098653854549,11.814990384675346,2251.0010449320794,60.78578892371995
2020-07-16,2020-10-15,2020-10-22,4.015381331841386,1400,1629.0803601413686,16.362882867240614,2413.811567719179,72.41511197994136
2020-07-17,2020-10-16,2020-10-23,3.9968373466851976,1400,1642.7800862345498,17.34143473103927,2466.895309954557,76.20680785389693
2020-07-18,2020-10-17,2020-10-24,3.956935848760932,1400,1631.167664934719,16.511976066765637,2461.8094953717527,75.84353538369662
2020-07-19,2020-10-18,2020-10-25,3.9268171390310846,1400,1614.9035484265335,15.350253459038104,2437.346541359749,74.09618152569637
2020-07-20,2020-10-19,2020-10-26,3.893171077643913,1400,1547.6522984957846,10.546592749698902,2346.1995700012644,67.58568357151889
2020-07-21,2020-10-20,2020-10-27,3.9055353828835058,1400,1562.9562048761502,11.639728919725014,2325.430623002532,66.1021873573237
2020-07-22,2020-10-21,2020-10-28,3.9113654893982917,1400,1545.2240502416892,10.373146445834939,2188.438254263443,56.317018161674504
2020-07-23,2020-10-22,2020-10-29,3.8368914943221193,1400,1485.874600091184,6.133900006513143,2013.0848061785236,43.791771869894546
2020-07-24,2020-10-23,2020-10-30,3.8114283450456257,1400,1460.8442560890874,4.3460182920776695,1932.1330836814054,38.00950597724324
2020-07-25,2020-10-24,2020-10-31,3.7729523070883304,1400,1460.698485689247,4.335606120660502,1850.621414913958,32.18724392242557
2020-07-26,2020-10-25,2020-11-01,3.7466440532543164,1400,1465.4623549898934,4.675882499278097,1776.006227094347,26.85758764959621
2020-07-27,2020-10-26,2020-11-02,3.72315703198316,1400,1459.9615669515565,4.282969067968321,1714.604285089637,22.471734649259783
2020-07-28,2020-10-27,2020-11-03,3.74035837356962,1400,1422.8697288896194,1.6335520635442433,1681.0517344780785,20.075123891291323
2020-07-29,2020-10-28,2020-11-04,3.768812413506846,1400,1480.2010754048138,5.728648243200983,1725.0196078431375,23.21568627450982
2020-07-30,2020-10-29,2020-11-05,3.72381043283915,1400,1517.0431322343413,8.360223731024382,1743.1645221430972,24.511751581649797
2020-07-31,2020-10-30,2020-11-06,3.7122593146311944,1400,1613.3107755455708,15.23648396754077,1794.8728538556845,28.20520384683461
2020-08-01,2020-10-31,2020-11-07,3.68981335856082,1400,1649.6048582117858,17.82891844369898,1709.076511386598,22.076893670471286
2020-08-02,2020-11-01,2020-11-08,3.6779791566710047,1400,1638.4293749222327,17.030669637302335,1623.3061766313542,15.950441187953873
2020-08-03,2020-11-02,2020-11-09,3.6658501831083994,1400,1635.9223027139542,16.851593050996726,1631.5783975765173,16.54131411260838
2020-08-04,2020-11-03,2020-11-10,3.6875860387432713,1400,1647.1709317858445,17.655066556131747,1595.93711719069,13.995508370763577
2020-08-05,2020-11-04,2020-11-11,3.7097018182821238,1400,1712.2128742281143,22.300919587722447,1630.671781153788,16.476555796699145
2020-08-06,2020-11-05,2020-11-12,3.6636426536063516,1400,1684.835983540489,20.345427395749212,1617.5057783137372,15.5361270224098
2020-08-07,2020-11-06,2020-11-13,3.6473585947645737,1400,1700.6174183949302,21.47267274249501,1703.9442428672114,21.710303061943673
2020-08-08,2020-11-07,2020-11-14,3.640432067777562,1400,1689.4153096935331,20.67252212096665,1684.595638758524,20.328259911323148
2020-08-09,2020-11-08,2020-11-15,3.6421732860445792,1400,1641.2361261574083,17.231151868386306,1606.161209837568,14.725800702683436
2020-08-10,2020-11-09,2020-11-16,3.6287836431706766,1400,1649.8990590404117,17.849932788600835,1610.6323220566283,15.045165861187732
2020-08-11,2020-11-10,2020-11-17,3.6562537463398423,1400,1723.9236413992357,23.13740295708827,1716.0163256817532,22.5725946915538
2020-08-12,2020-11-11,2020-11-18,3.6740035065137358,1400,1759.5537593395584,25.68241138139703,1766.2083135767348,26.157736684052484
2020-08-13,2020-11-12,2020-11-19,3.629859651470121,1400,1716.5969277767351,22.614066269766795,1629.4799537299107,16.391425266422193
2020-08-14,2020-11-13,2020-11-20,3.6007959407476227,1400,1773.8240963310939,26.701721166506704,1589.2432482256431,13.517374873260223
2020-08-15,2020-11-14,2020-11-21,3.596627771203073,1400,1896.2500598113963,35.44643284367117,1693.6784378513573,20.97703127509695
2020-08-16,2020-11-15,2020-11-22,3.6094943088516374,1400,1974.1768172833147,41.01262980595105,1798.8066152978765,28.48618680699118
2020-08-17,2020-11-16,2020-11-23,3.5956933450177577,1400,2087.7674269176605,49.12624477983289,1878.6706417989783,34.19076012849845
2020-08-18,2020-11-17,2020-11-24,3.60837973851046,1400,2192.0906911451043,56.57790651036459,1995.869804989088,42.562128927791996
2020-08-19,2020-11-18,2020-11-25,3.619385330860072,1400,2107.8576289862885,50.56125921330632,1979.6819230302292,41.40585164501637
2020-08-20,2020-11-19,2020-11-26,3.595198880358446,1400,1907.504669951781,36.25033356798435,1805.6249696144687,28.973212115319193
2020-08-21,2020-11-20,2020-11-27,3.5733561801344518,1400,1836.7408101509095,31.19577215363639,1785.4654624851132,27.533247320365227
2020-08-22,2020-11-21,2020-11-28,3.5568405222318518,1400,1878.3319113854186,34.16656509895847,1897.4591931013244,35.53279950723746
2020-08-23,2020-11-22,2020-11-29,3.5574114719646093,1400,1971.8376047952631,40.845543199661655,1985.8382168539038,41.845586918135986
2020-08-24,2020-11-23,2020-11-30,3.536807720560705,1400,2098.7063333035167,49.90759523596547,2080.245398773006,48.588957055214706
2020-08-25,2020-11-24,2020-12-01,3.5383186209338477,1400,2135.2337549887397,52.516696784909975,2158.2975679542205,54.164111996730036
2020-08-26,2020-11-25,2020-12-02,3.5482876770171923,1400,2098.386366434427,49.88474045960194,2148.8541098912506,53.48957927794646
2020-08-27,2020-11-26,2020-12-03,3.5405911714504437,1400,2143.4738951960985,53.105278228292754,2200.825738100802,57.20183843577157
2020-08-28,2020-11-27,2020-12-04,3.519790593238545,1400,2091.2131851608165,49.372370368629745,2135.4025467241736,52.52875333744097
2020-08-29,2020-11-28,2020-12-05,3.4895550225874024,1400,2023.4184798473054,44.52989141766467,2032.8800741241582,45.205719580297014
2020-08-30,2020-11-29,2020-12-06,3.4819174401073933,1400,2073.8300273279638,48.130716237711695,2013.425411696528,43.81610083546629
2020-08-31,2020-11-30,2020-12-07,3.4549240402573385,1400,2052.8122169997027,46.62944407140734,1938.2482466155602,38.44630332968288
2020-09-01,2020-12-01,2020-12-08,3.448562693454429,1400,1978.130046592395,41.295003328028216,1747.098879582291,24.79277711302078
2020-09-02,2020-12-02,2020-12-09,3.4578389312396105,1400,1919.5847042883572,37.11319316345409,1717.9398762157382,22.709991158267016
2020-09-03,2020-12-03,2020-12-10,3.4461051482661498,1400,1937.365853303747,38.38327523598192,1895.0376808802641,35.3598343485903
2020-09-04,2020-12-04,2020-12-11,3.431377698186215,1400,1884.135180297069,34.5810843069335,1986.2694434396158,41.87638881711541
2020-09-05,2020-12-05,2020-12-12,3.4115939644166726,1400,1908.0703883586007,36.29074202561433,2202.7344079669165,57.33817199763689
2020-09-06,2020-12-06,2020-12-13,3.4083511190270266,1400,1974.0147176068829,41.001051257634494,2389.033588685916,70.6452563347083
2020-09-07,2020-12-07,2020-12-14,3.390218142400357,1400,1979.2432537147522,41.3745181224823,2388.2593577418693,70.58995412441924
2020-09-08,2020-12-08,2020-12-15,3.405340334860575,1400,2003.838466645357,43.13131904609692,2407.4812238814698,71.96294456296212
2020-09-09,2020-12-09,2020-12-16,3.4169303475341186,1400,2082.07233796644,48.71945271188857,2467.9627379505873,76.28305271075624
2020-09-10,2020-12-10,2020-12-17,3.383208557525314,1400,2203.4499014306616,57.38927867361868,2503.24227865477,78.80301990391214
2020-09-11,2020-12-11,2020-12-18,3.3551126253983017,1400,2172.536078324162,55.18114845172587,2476.1465133429842,76.86760809592744
2020-09-12,2020-12-12,2020-12-19,3.3090743913908067,1400,2176.34513647382,55.45322403384427,2437.8882152029446,74.13487251449604
2020-09-13,2020-12-13,2020-12-20,3.2863744000417405,1400,2111.396960794817,50.81406862820121,2420.174895735235,72.86963540965965
2020-09-14,2020-12-14,2020-12-21,3.2693055952969856,1400,2039.5236025700717,45.68025732643369,2353.92286338032,68.13734738430857
2020-09-15,2020-12-15,2020-12-22,3.2830458875711956,1400,2010.2418274187187,43.58870195847991,2300.9287094696156,64.3520506764011
2020-09-16,2020-12-16,2020-12-23,3.2917407116809714,1400,1970.896833711865,40.77834526513321,2298.2370520659115,64.15978943327939
2020-09-17,2020-12-17,2020-12-24,3.262213271394847,1400,1928.6531081813478,37.760936298667694,2181.874258600237,55.848161328588375
2020-09-18,2020-12-18,2020-12-25,3.236403672769192,1400,2004.1106103255945,43.15075788039961,2255.120568113831,61.080040579559345
2020-09-19,2020-12-19,2020-12-26,3.1963543066784097,1400,2026.6804116925123,44.762886549465165,2318.3180987202923,65.5941499085923
2020-09-20,2020-12-20,2020-12-27,3.1729533291595833,1400,2125.4345170708384,51.816751219345605,2491.8400425136174,77.98857446525838
2020-09-21,2020-12-21,2020-12-28,3.1600831225727157,1400,2258.005794403108,61.28612817165059,2810.7783085136275,100.76987917954483
2020-09-22,2020-12-22,2020-12-29,3.1779487134659212,1400,2272.392227563807,62.313730540271926,2929.417961548591,109.24414011061363
2020-09-23,2020-12-23,2020-12-30,3.1845826974623135,1400,2349.1074267830754,67.79338762736253,3112.259658851184,122.30426134651316
2020-09-24,2020-12-24,2020-12-31,3.167749102438658,1400,2345.433112936607,67.53093663832907,3094.2507462686563,121.01791044776115
2020-09-25,2020-12-25,2021-01-01,3.137766568286988,1400,2304.6895444067927,64.62068174334233,2951.5772553747233,110.82694681248024
2020-09-26,2020-12-26,2021-01-02,3.0929032927229603,1400,2327.2550826093916,66.23250590067083,2992.868913006421,113.77635092903007
2020-09-27,2020-12-27,2021-01-03,3.05652814409814,1400,2717.4369117918923,94.10263655656374,3497.18749121969,149.79910651569216
2020-09-28,2020-12-28,2021-01-04,3.019055497555859,1400,3117.9295651008133,122.70925465005809,4010.790867985242,186.48506199894587
2020-09-29,2020-12-29,2021-01-05,3.0251703901170446,1400,3200.9025380789435,128.63589557706737,4158.108070175438,197.00771929824558
2020-09-30,2020-12-30,2021-01-06,3.0187801334461635,1400,3431.8398191056017,145.13141565040013,4455.037088873338,218.2169349195241
2020-10-01,2020-12-31,2021-01-07,3.004301944178017,1400,3680.2999246375125,162.87856604553662,4792.282113616677,242.30586525833405
2020-10-02,2021-01-01,2021-01-08,2.986878962007233,1400,3509.4334364103984,150.67381688645702,4763.908598569318,240.27918561209412
2020-10-03,2021-01-02,2021-01-09,2.9416954371458055,1400,3656.733347052836,161.19523907520258,5001.000028736457,257.2142877668898
2020-10-04,2021-01-03,2021-01-10,2.8880365838933257,1400,3671.6186698352626,162.25847641680446,5091.244028719357,263.66028776566833
2020-10-05,2021-01-04,2021-01-11,2.8384841472784967,1400,3103.229563695162,121.65925454965445,4342.6812313803375,210.19151652716695
2020-10-06,2021-01-05,2021-01-12,2.8389785545470594,1400,3068.935817465371,119.20970124752652,4367.676767676768,211.97691197691196
2020-10-07,2021-01-06,2021-01-13,2.8268280078693193,1400,3008.9888046964184,114.92777176402988,4402.410635155096,214.45790251107832
2020-10-08,2021-01-07,2021-01-14,2.8065028525311453,1400,3279.7072984964216,134.2648070354587,4756.938911987904,239.7813508562789
2020-10-09,2021-01-08,2021-01-15,2.7823773358851907,1400,3257.078733160563,132.6484809400402,4574.482219617038,226.74872997264558
2020-10-10,2021-01-09,2021-01-16,2.7347768502867473,1400,3346.9293004549327,139.06637860392377,4608.203114493962,229.1573653209973
2020-10-11,2021-01-10,2021-01-17,2.6806456140622306,1400,3270.4412620682024,133.6029472905859,4572.543770412807,226.61026931520053
2020-10-12,2021-01-11,2021-01-18,2.6462246720096543,1400,3237.338339243171,131.23845280308365,4496.77588741861,221.19827767275785
2020-10-13,2021-01-12,2021-01-19,2.6428852039671225,1400,3550.478411861472,153.605600847248,4930.203418265702,252.15738701897868
2020-10-14,2021-01-13,2021-01-20,2.6253531454899663,1400,3477.3327482643704,148.38091059031217,4870.326206860324,247.88044334716602
2020-10-15,2021-01-14,2021-01-21,2.6013177601082846,1400,3227.1427868351357,130.51019905965256,4615.743595195067,229.69597108536198
2020-10-16,2021-01-15,2021-01-22,2.5886759921646982,1400,3000.6378895577886,114.33127782555633,4370.461339581482,212.1758099701059
2020-10-17,2021-01-16,2021-01-23,2.5475323041687927,1400,3150.0746447507954,125.00533176791396,4715.29975757906,236.8071255413614
2020-10-18,2021-01-17,2021-01-24,2.494902536641204,1400,3268.7963544819395,133.4854538915671,4912.86158131562,250.91868437968716
2020-10-19,2021-01-18,2021-01-25,2.4654155385656242,1400,3418.0027943566106,144.1430567397579,5127.822250402895,266.2730178859211
2020-10-20,2021-01-19,2021-01-26,2.4551857026838366,1400,3227.857195175467,130.56122822681908,4919.006895077236,251.3576353626597
2020-10-21,2021-01-20,2021-01-27,2.438205768819802,1400,3149.40600952685,124.9575721090607,4700.961838411147,235.78298845793907
2020-10-22,2021-01-21,2021-01-28,2.416165677142767,1400,3119.8256072970553,122.84468623550396,4455.699884153706,218.26427743955043
2020-10-23,2021-01-22,2021-01-29,2.4056301047221926,1400,3273.1243767860624,133.79459834186162,4634.455744246022,231.03255316043013
2020-10-24,2021-01-23,2021-01-30,2.356021349601652,1400,3217.052912027072,129.78949371621945,4637.323824078791,231.23741600562795
2020-10-25,2021-01-24,2021-01-31,2.3033893329228983,1400,3072.053387212599,119.43238480089992,4540.289361702128,224.30638297872343
2020-10-26,2021-01-25,2021-02-01,2.2733520221517107,1400,3010.14541253108,115.01038660936287,4663.14491988026,233.08177999144718
2020-10-27,2021-01-26,2021-02-02,2.263997048636435,1400,3289.316032022904,134.95114514449313,5082.665733776456,263.04755241260403
2020-10-28,2021-01-27,2021-02-03,2.2556673978035833,1400,3576.270432521669,155.4478880372621,5618.498455930745,301.3213182807675
2020-10-29,2021-01-28,2021-02-04,2.247129736652266,1400,3652.7543295229916,160.91102353735653,5876.486081702215,319.74900583587254
2020-10-30,2021-01-29,2021-02-05,2.2358293880139293,1400,3746.467514025541,167.60482243039579,6120.616781465248,337.18691296180344
2020-10-31,2021-01-30,2021-02-06,2.1866737187625005,1400,3703.5474107308596,164.53910076648995,6124.670024538293,337.47643032416374
2020-11-01,2021-01-31,2021-02-07,2.1352070571817525,1400,3407.5555904857874,143.39682789184195,5712.138876105743,308.0099197218388
2020-11-02,2021-02-01,2021-02-08,2.097321677018075,1400,3504.8132812481344,150.3438058034382,5966.199984698952,326.15714176421085
2020-11-03,2021-02-02,2021-02-09,2.082944551243255,1400,3673.8767700373405,162.41976928838147,6491.170053363476,363.65500381167686
2020-11-04,2021-02-03,2021-02-10,2.0656144678773996,1400,3628.4996865627973,159.1785490401998,6261.662635264162,347.26161680458307
2020-11-05,2021-02-04,2021-02-11,2.0504240634917554,1400,3603.845838233744,157.41755987383885,6040.045165566165,331.4317975404404
2020-11-06,2021-02-05,2021-02-12,2.0346018566310016,1400,3667.8988430601044,161.99277450429318,5807.459904737799,314.8185646241285
2020-11-07,2021-02-06,2021-02-13,1.9874185833338422,1400,3619.307856295093,158.5219897353638,5702.8071666629385,307.3433690473527
2020-11-08,2021-02-07,2021-02-14,1.9422050835358002,1400,3532.929313104127,152.3520937931519,5716.753092239657,308.33950658854695
2020-11-09,2021-02-08,2021-02-15,1.902145389825757,1400,3345.626461802829,138.97331870020207,5517.899878994308,294.13570564245055
2020-11-10,2021-02-09,2021-02-16,1.8767663759436575,1400,3335.1639913619547,138.22599938299675,5569.7859765380135,297.8418554670009
2020-11-11,2021-02-10,2021-02-17,1.8679270814167066,1400,3353.2840172884576,139.52028694917553,5445.273534828296,288.94810963059257
2020-11-12,2021-02-11,2021-02-18,1.861854473229729,1400,3535.754737386917,152.55390981335123,5781.225537096634,312.94468122118815
2020-11-13,2021-02-12,2021-02-19,1.8599704222614073,1400,3595.5460226819714,156.8247159058551,5804.418135804057,314.60129541457553
2020-11-14,2021-02-13,2021-02-20,1.818651529697679,1400,3516.1990540327897,151.15707528805643,5832.684724287285,316.6203374490918
2020-11-15,2021-02-14,2021-02-21,1.7726974302323655,1400,3425.400971412302,144.67149795802158,6003.359815365497,328.81141538324977
2020-11-16,2021-02-15,2021-02-22,1.7349154605857047,1400,3050.918234058385,117.92273100417037,5414.819539446192,286.7728242461566
2020-11-17,2021-02-16,2021-02-23,1.7091645485262077,1400,2700.702178062717,92.90729843305121,4691.796394485685,235.1283138918346
2020-11-18,2021-02-17,2021-02-24,1.706970241399442,1400,2749.9290588945014,96.4235042067501,4709.34602856427,236.38185918316213
2020-11-19,2021-02-18,2021-02-25,1.6970643512101993,1400,2660.385959531157,90.02756853793979,4640.8322936711,231.48802097650716
2020-11-20,2021-02-19,2021-02-26,1.6972276564659183,1400,2517.8372283671897,79.84551631194212,4216.028581868377,201.14489870488404
2020-11-21,2021-02-20,2021-02-27,1.6548888836737672,1400,2448.176418951624,74.86974421083028,3928.2741877359026,180.59101340970733
2020-11-22,2021-02-21,2021-02-28,1.6025324901434308,1400,2218.59405532927,58.471003952090705,3543.719603612828,153.1228288294877
2020-11-23,2021-02-22,2021-03-01,1.5718410782878005,1400,2345.2811992700954,67.52008566214968,3597.616382205535,156.97259872896677
2020-11-24,2021-02-23,2021-03-02,1.5603614032838324,1400,2386.5259554805234,70.46613967718024,3524.7045267489716,151.764609053498
2020-11-25,2021-02-24,2021-03-03,1.560240347430999,1400,2443.5392153221105,74.53851538015076,3764.864864864865,168.91891891891893
2020-11-26,2021-02-25,2021-03-04,1.5493977817321896,1400,2427.952805907793,73.42520042198521,4134.87758448461,195.34839889175788
2020-11-27,2021-02-26,2021-03-05,1.5616395885826129,1400,2341.491166328998,67.24936902349987,4083.8349448454314,191.70249606038797
2020-11-28,2021-02-27,2021-03-06,1.5328151400213041,1400,2443.491271010761,74.53509078648293,4226.112973167452,201.8652123691037
2020-11-29,2021-02-28,2021-03-07,1.4919289718510738,1400,2512.020487064527,79.43003479032336,4252.712479027224,203.76517707337314
2020-11-30,2021-03-01,2021-03-08,1.4666357924889946,1400,2571.1152087386818,83.65108633847727,4136.062286186151,195.43302044186794
2020-12-01,2021-03-02,2021-03-09,1.4611344756203297,1400,2682.876678755025,91.63404848250177,4259.808438007491,204.27203128624933
2020-12-02,2021-03-03,2021-03-10,1.4523828139446862,1400,2643.5545788014206,88.82532705724432,4308.921505630898,207.78010754506414
2020-12-03,2021-03-04,2021-03-11,1.424736225226087,1400,2549.1665488990193,82.08332492135852,4137.6081929302945,195.5434423521639
2020-12-04,2021-03-05,2021-03-12,1.433785078011318,1400,2558.216687590914,82.72976339935099,4204.359315301365,200.31137966438322
2020-12-05,2021-03-06,2021-03-13,1.4061840128984378,1400,2581.2476214368885,84.37483010263489,4432.001379667156,216.57152711908253
2020-12-06,2021-03-07,2021-03-14,1.3709095881734434,1400,2588.2087569920527,84.8720540708609,4437.760241773001,216.98287441235723
2020-12-07,2021-03-08,2021-03-15,1.3551553493567363,1400,2465.5696426196464,76.11211732997474,4286.921251493681,206.20866082097723
2020-12-08,2021-03-09,2021-03-16,1.3498848942732522,1400,2387.3524286159027,70.52517347256448,4316.493784975854,208.32098464113247
2020-12-09,2021-03-10,2021-03-17,1.338227328108319,1400,2401.4489402903787,71.53206716359848,4525.525092769392,223.2517923406709
2020-12-10,2021-03-11,2021-03-18,1.3154464551854188,1400,2337.785131226423,66.98465223045878,4425.64257635319,216.11732688237072
2020-12-11,2021-03-12,2021-03-19,1.3215180177142825,1400,2370.5786657164113,69.32704755117223,4573.680088874319,226.69143491959423
2020-12-12,2021-03-13,2021-03-20,1.2882025311704943,1400,2374.4406695040784,69.60290496457702,4613.899765774464,229.5642689838903
2020-12-13,2021-03-14,2021-03-21,1.2559791745436557,1400,2252.9126443376827,60.9223317384059,4335.946267935149,209.7104477096535
2020-12-14,2021-03-15,2021-03-22,1.2418165229189122,1400,2164.6476355956434,54.61768825683166,4180.096264195544,198.57830458539598
2020-12-15,2021-03-16,2021-03-23,1.2320935925129881,1400,2086.9447688703494,49.06748349073924,4029.889198558901,187.84922846849295
2020-12-16,2021-03-17,2021-03-24,1.2138184162439163,1400,2009.60990811759,43.54356486554215,3803.8763252043195,171.70545180030854
2020-12-17,2021-03-18,2021-03-25,1.1938395684984369,1400,1901.9535701575999,35.85382643982856,3424.5819834482336,144.61299881773098
2020-12-18,2021-03-19,2021-03-26,1.1951451535523527,1400,1970.5911835317256,40.75651310940897,3564.872669992124,154.63376214229456
2020-12-19,2021-03-20,2021-03-27,1.1636572956674667,1400,1982.371659180226,41.59797565573044,3626.3254724870376,159.0232480347884
2020-12-20,2021-03-21,2021-03-28,1.1390674266915843,1400,1937.120847180242,38.36577479858872,3705.8041620620415,164.7002972901458
2020-12-21,2021-03-22,2021-03-29,1.1278959865358564,1400,1985.6044894970485,41.82889210693203,3950.740574506284,182.1957553218774
2020-12-22,2021-03-23,2021-03-30,1.121190882385293,1400,2048.9202780150035,46.35144842964311,4178.3247048063895,198.45176462902782
2020-12-23,2021-03-24,2021-03-31,1.1101071244539966,1400,2076.3665677212443,48.31189769437459,4373.497678458096,212.39269131843542
2020-12-24,2021-03-25,2021-04-01,1.1030672579559038,1400,2151.6650547139448,53.690361050996046,4619.116726713011,229.9369090509294
2020-12-25,2021-03-26,2021-04-02,1.1013612206166987,1400,2265.0264454836843,61.787603248834586,4649.567211420451,232.11194367288934
2020-12-26,2021-03-27,2021-04-03,1.0703102374105191,1400,2233.405669302156,59.52897637872544,4607.396776330316,229.09976973787974
2020-12-27,2021-03-28,2021-04-04,1.04222021961996,1400,2145.6500327382,53.26071662415715,4302.722957035799,207.3373540739856
2020-12-28,2021-03-29,2021-04-05,1.0244021325088308,1400,2137.6096858848523,52.6864061346323,4088.456909340275,192.03263638144824
2020-12-29,2021-03-30,2021-04-06,1.01259597438287,1400,2130.9272204107997,52.20908717219997,4120.254527655409,194.30389483252924
2020-12-30,2021-03-31,2021-04-07,0.996553649128436,1400,2032.2818222041108,45.16298730029363,3870.445333152579,176.46038093946993
2020-12-31,2021-04-01,2021-04-08,0.9851883737801393,1400,1995.3020134169162,42.521572386922585,3829.5268837535964,173.53763455382833
2021-01-01,2021-04-02,2021-04-09,0.9884975963914646,1400,2055.1062728497827,46.79330520355591,3962.733832539142,183.05241660993872
2021-01-02,2021-04-03,2021-04-10,0.9605192431862309,1400,2045.8003308699213,46.12859506213724,3962.849358761379,183.06066848295563
2021-01-03,2021-04-04,2021-04-11,0.9415089296139924,1400,2017.2111269658672,44.08650906899051,3373.8352867073095,140.98823476480783
2021-01-04,2021-04-05,2021-04-12,0.9323747415780034,1400,2009.3048630902604,43.521775935018596,2921.3807794722825,108.6700556765916
2021-01-05,2021-04-06,2021-04-13,0.9202646456402571,1400,2050.8005601628565,46.485754297346894,2948.6017257511176,110.61440898222268
2021-01-06,2021-04-07,2021-04-14,0.910024195078061,1400,2154.1455728951305,53.867540921080746,2915.107799758979,108.22198569706994
2021-01-07,2021-04-08,2021-04-15,0.8995034705293476,1400,2228.160046848247,59.15428906058907,2830.9483187892342,102.21059419923102
2021-01-08,2021-04-09,2021-04-16,0.9004501429711326,1400,2190.903251865922,56.49308941899442,2899.1599642537976,107.08285458955697
2021-01-09,2021-04-10,2021-04-17,0.8745708287221247,1400,2112.552073903154,50.89657670736815,2720.4759184921204,94.31970846372289
2021-01-10,2021-04-11,2021-04-18,0.875704373894909,1400,1916.5753497501369,36.89823926786692,2410.1359217191584,72.15256583708275
2021-01-11,2021-04-12,2021-04-19,0.8819487375703786,1400,1924.1740192194222,37.441001372815876,2793.84049685805,99.5600354898607
2021-01-12,2021-04-13,2021-04-20,0.8706281613023321,1400,1917.9851330674244,36.9989380762446,2853.086031452359,103.79185938945422
2021-01-13,2021-04-14,2021-04-21,0.864305546040167,1400,2033.5208026123842,45.25148590088458,3094.483484273421,121.03453459095863
2021-01-14,2021-04-15,2021-04-22,0.8582412711029092,1400,2127.1767376666935,51.941195547620964,2969.2900112098996,112.09214365784996
2021-01-15,2021-04-16,2021-04-23,0.8564396319443205,1400,1951.2178490624258,39.37270350445898,2724.738384261197,94.62417030437122
2021-01-16,2021-04-17,2021-04-24,0.8355236181870773,1400,1893.0625721988247,35.21875515705891,2591.848607661132,85.13204340436657
2021-01-17,2021-04-18,2021-04-25,0.8427370723486843,1400,1907.3668158467774,36.24048684619838,2597.1869313617813,85.51335224012723
2021-01-18,2021-04-19,2021-04-26,0.8363152102824646,1400,2025.8314233235224,44.70224452310874,2772.0430283313444,98.00307345223888
2021-01-19,2021-04-20,2021-04-27,0.8235140757234352,1400,2125.3910077530995,51.81364341093568,2689.597367892155,92.1140977065825
2021-01-20,2021-04-21,2021-04-28,0.8128623449797369,1400,2162.8478702751845,54.4891335910846,2812.4090236463026,100.88635883187875
2021-01-21,2021-04-22,2021-04-29,0.8130160191762228,1400,2223.6313330877365,58.83080950626689,3086.50469941479,120.46462138677072
2021-01-22,2021-04-23,2021-04-30,0.8149066531293447,1400,2250.8618156750945,60.775843976792466,3336.0543161309247,138.28959400935176
2021-01-23,2021-04-24,2021-05-01,0.7979496710954832,1400,2277.0850379150475,62.64893127964625,3230.9529971209527,130.7823569372109
2021-01-24,2021-04-25,2021-05-02,0.8049544751498476,1400,2352.6484940652113,68.04632100465795,3123.053908211786,123.07527915798472
2021-01-25,2021-04-26,2021-05-03,0.7958570260333165,1400,2547.2279560924935,81.94485400660668,3232.0532610106893,130.86094721504924
2021-01-26,2021-04-27,2021-05-04,0.7878231107399479,1400,2640.9091188980237,88.63636563557313,3569.6267617953763,154.97334012824115
2021-01-27,2021-04-28,2021-05-05,0.7749462606616502,1400,2617.210507207378,86.94360765766987,3660.469617323042,161.4621155230744
2021-01-28,2021-04-29,2021-05-06,0.7689710979367635,1400,2685.685387521002,91.83467053721445,3786.7754001998096,170.48395715712925
2021-01-29,2021-04-30,2021-05-07,0.7648400033545886,1400,2655.356226846394,89.66830191759956,3572.2888998316935,155.16349284512097
2021-01-30,2021-05-01,2021-05-08,0.7521201403728659,1400,2784.326196056138,98.88044257543844,3795.61319994727,171.11522856766214
2021-01-31,2021-05-02,2021-05-09,0.7628444884737885,1400,2946.5783780686247,110.46988414775892,4054.6055739253657,189.61468385181183
2021-02-01,2021-05-03,2021-05-10,0.7549707739704131,1400,2975.309621386439,112.52211581331709,4166.863529944869,197.63310928177634
2021-02-02,2021-05-04,2021-05-11,0.7415922207680371,1400,2952.315710488594,110.87969360632815,3836.1530202081385,174.01093001486703
2021-02-03,2021-05-05,2021-05-12,0.727137931022688,1400,2962.432644779533,111.60233176996664,3597.5300543690787,156.9664324549342
2021-02-04,2021-05-06,2021-05-13,0.7201577721746085,1400,2730.1109127362192,95.00792233830137,3265.0388798661347,133.21706284758105
2021-02-05,2021-05-07,2021-05-14,0.7201472253429861,1400,2835.3708570926583,102.52648979233274,3289.5258556381104,134.9661325455793
2021-02-06,2021-05-08,2021-05-15,0.705897391790986,1400,2741.458405629063,95.81845754493305,3210.2155648318167,129.3011117737012
2021-02-07,2021-05-09,2021-05-16,0.7137548333040302,1400,2580.166622007405,84.29761585767177,3171.2010226268726,126.51435875906232
2021-02-08,2021-05-10,2021-05-17,0.7048223052516805,1400,2367.0681817341915,69.0762986952994,2813.5803577305833,100.97002555218452
2021-02-09,2021-05-11,2021-05-18,0.6978824130502573,1400,2375.8918234606876,69.70655881862055,2702.250267889034,93.01787627778816
2021-02-10,2021-05-12,2021-05-19,0.6886100518702531,1400,1855.941811800706,32.567272271479005,2148.034293131127,53.431020937937646
2021-02-11,2021-05-13,2021-05-20,0.6850173305359916,1400,1768.502392071464,26.321599433676006,2056.4095561586473,46.88639686847481
2021-02-12,2021-05-14,2021-05-21,0.6858675875930111,1400,1732.3506353906757,23.73933109933398,1961.4879407131289,40.10628147950921
2021-02-13,2021-05-15,2021-05-22,0.6726036830958921,1400,1564.5097970652,11.75069979037143,1788.1786383030133,27.727045593072376
2021-02-14,2021-05-16,2021-05-23,0.6787570024366633,1400,1398.877456601817,-0.08018167129879267,1586.1838452361974,13.298846088299813
2021-02-15,2021-05-17,2021-05-24,0.674757296258626,1400,1607.0154719154689,14.786819422533492,1895.6875721343818,35.40625515245584
2021-02-16,2021-05-18,2021-05-25,0.6705598138845268,1400,1724.9815932272509,23.212970944803637,2026.5998154275553,44.757129673396804
2021-02-17,2021-05-19,2021-05-26,0.6687855412818228,1400,1860.5078730027285,32.893419500194895,2169.512976342337,54.965212595881205
2021-02-18,2021-05-20,2021-05-27,0.6668562047352662,1400,1844.310868312231,31.73649059373078,2038.888918143282,45.63492272452014
2021-02-19,2021-05-21,2021-05-28,0.669988816884751,1400,1707.7076958048665,21.979121128919036,1845.9298957126305,31.852135408045037
2021-02-20,2021-05-22,2021-05-29,0.6606834554167486,1400,1577.5204933331247,12.680035238080336,1728.96281699174,23.497344070838576
2021-02-21,2021-05-23,2021-05-30,0.6723041963926737,1400,1566.81165273509,11.915118052506434,1688.5044325185918,20.607459465613697
2021-02-22,2021-05-24,2021-05-31,0.6598908376495886,1400,1648.1961473806243,17.728296241473167,1988.440410795319,42.03145791395136
2021-02-23,2021-05-25,2021-06-01,0.6531611745821508,1400,1721.3736175525294,22.955258396609242,2335.016739129059,66.78690993778991
2021-02-24,2021-05-26,2021-06-02,0.6490275278968652,1400,1738.3553307189638,24.168237908497417,2327.5977653631285,66.25698324022346
2021-02-25,2021-05-27,2021-06-03,0.6503557698604723,1400,1807.6443516540867,29.117453689577623,2482.2395447934473,77.30282462810337
2021-02-26,2021-05-28,2021-06-04,0.6574921966670673,1400,1781.7381037480857,27.26700741057755,2557.37108190091,82.66936299292216
2021-02-27,2021-05-29,2021-06-05,0.650842501502396,1400,1749.3735260882302,24.95525186344501,2543.670235777634,81.69073112697384
2021-02-28,2021-05-30,2021-06-06,0.6634617286643165,1400,1777.9447404746356,26.9960528910454,2709.9383861950405,93.56702758536002
2021-03-01,2021-05-31,2021-06-07,0.643062637914654,1400,1745.6514062567408,24.689386161195767,2547.0999825744275,81.93571304103054
2021-03-02,2021-06-01,2021-06-08,0.6278194265171944,1400,1549.583908529739,10.68456489498135,2259.266281783886,61.37616298456328
2021-03-03,2021-06-02,2021-06-09,0.6242900042856707,1400,1572.3555334940188,12.311109535287057,2251.4618837516678,60.818705982261974
2021-03-04,2021-06-03,2021-06-10,0.622543696109684,1400,1573.591249782526,12.399374984466135,2258.2541495695677,61.30386782639769
2021-03-05,2021-06-04,2021-06-11,0.6269857709713139,1400,1511.7504718197738,7.98217655855527,2251.3278821913054,60.8091344422361
2021-03-06,2021-06-05,2021-06-12,0.6204500215640905,1400,1462.0842713155635,4.434590808254533,2069.534288510275,47.82387775073393
2021-03-07,2021-06-06,2021-06-13,0.6285460530223431,1400,1527.3669088442937,9.097636346020977,2020.5019777400312,44.32156983857365
2021-03-08,2021-06-07,2021-06-14,0.6128791799924518,1400,1555.4321996946433,11.102299978188803,2026.7724620237639,44.76946157312599
2021-03-09,2021-06-08,2021-06-15,0.6029526560024212,1400,1553.92355552288,10.99453968020571,1965.0063175322412,40.3575941094458
2021-03-10,2021-06-09,2021-06-16,0.6001424693233055,1400,1473.04368952936,5.217406394954294,1887.913633491745,34.85097382083893
2021-03-11,2021-06-10,2021-06-17,0.5982906783913027,1400,1426.767712386875,1.9119794562053583,1865.972882037983,33.28377728842736
2021-03-12,2021-06-11,2021-06-18,0.6017656948072437,1400,1361.3444430776872,-2.7611112087366307,1775.0694973770346,26.790678384073903
2021-03-13,2021-06-12,2021-06-19,0.6001554827581825,1400,1334.5357392352325,-4.676018626054819,1695.9262164694603,21.137586890675735
2021-03-14,2021-06-13,2021-06-20,0.6103067238706668,1400,1319.892042513375,-5.721996963330363,1603.7172594613205,14.551232818665753
2021-03-15,2021-06-14,2021-06-21,0.5952388926800074,1400,1228.168312044513,-12.273691996820503,1587.6926459272288,13.406617566230628
2021-03-16,2021-06-15,2021-06-22,0.5872931221265928,1400,1086.7154473206049,-22.377468048528222,1464.769077667707,4.626362690550503
2021-03-17,2021-06-16,2021-06-23,0.5859436036441465,1400,1134.123142033428,-18.991204140469435,1510.0417943716914,7.860128169406526
2021-03-18,2021-06-17,2021-06-24,0.5843336946998198,1400,1145.2297649052298,-18.19787393534073,1543.932522310627,10.280894450759076
2021-03-19,2021-06-18,2021-06-25,0.5899232024283847,1400,1124.4408176846955,-19.682798736807463,1487.6058489377479,6.2575606384105615
2021-03-20,2021-06-19,2021-06-26,0.5906496761381318,1400,1054.2328874486673,-24.697650896523765,1355.6808194355528,-3.165655754603368
2021-03-21,2021-06-20,2021-06-27,0.6035783590167291,1400,1144.1431373521116,-18.27549018913489,1479.4926829268293,5.6780487804878055
2021-03-22,2021-06-21,2021-06-28,0.5887412977523031,1400,1207.9264080113778,-13.719542284901584,1647.8369370041246,17.70263835743747
2021-03-23,2021-06-22,2021-06-29,0.5847928990964312,1400,1262.7082194449779,-9.80655575393015,1784.6855037725377,27.477535983752695
2021-03-24,2021-06-23,2021-06-30,0.5818826761716418,1400,1272.5017680394783,-9.107016568608692,1849.2386491987847,32.08847494277034
2021-03-25,2021-06-24,2021-07-01,0.5790880459895559,1400,1261.1032012732953,-9.921199909050333,1913.7276071155075,36.6948290796791
2021-03-26,2021-06-25,2021-07-02,0.5866402548929138,1400,1225.321366797378,-12.477045228758714,1773.4963580235683,26.678311287397733
2021-03-27,2021-06-26,2021-07-03,0.592423281921524,1400,1290.0490902466722,-7.853636410951983,1789.5431358852293,27.82450970608781
2021-03-28,2021-06-27,2021-07-04,0.6005829756128,1400,1373.8695916928168,-1.8664577362273707,1883.1861321165222,34.51329515118016
2021-03-29,2021-06-28,2021-07-05,0.5801130616188157,1400,1300.891938418962,-7.079147255788436,1783.3349427703142,27.38106734073673
2021-03-30,2021-06-29,2021-07-06,0.5720673401109767,1400,1299.7999241395514,-7.1571482757463265,1740.6517278174506,24.332266272675042
2021-03-31,2021-06-30,2021-07-07,0.5672094331609596,1400,1333.4526564181,-4.753381684421421,1759.6368730017857,25.68834807155612
2021-04-01,2021-07-01,2021-07-08,0.5622380872802153,1400,1240.6964095821238,-11.378827886991157,1583.8010478719586,13.128646276568476
2021-04-02,2021-07-02,2021-07-09,0.5738676290676926,1400,1215.5778892437677,-13.173007911159452,1441.9679369046517,2.997709778903689
2021-04-03,2021-07-03,2021-07-10,0.5796455609165151,1400,1238.1345110288946,-11.561820640793242,1433.0964350238894,2.364031073134957
2021-04-04,2021-07-04,2021-07-11,0.5854955920463885,1400,1246.0692838608852,-10.995051152793915,1447.2621470518234,3.3758676465588127
2021-04-05,2021-07-05,2021-07-12,0.5679028892468272,1400,1186.553580676751,-15.246172808803504,1401.7913537708046,0.12795384077175445
2021-04-06,2021-07-06,2021-07-13,0.5613582343578771,1400,1112.4099315329438,-20.542147747646872,1318.3185865939308,-5.834386671862084
2021-04-07,2021-07-07,2021-07-14,0.5562824060345161,1400,1080.395000528056,-22.828928533710286,1333.3127381320155,-4.763375847713178
2021-04-08,2021-07-08,2021-07-15,0.5562886665241719,1400,1090.609493607304,-22.099321885192563,1355.2135486100826,-3.1990322421369553
2021-04-09,2021-07-09,2021-07-16,0.5724524267851611,1400,1091.4606950056595,-22.038521785310035,1283.92030860694,-8.291406528075722
2021-04-10,2021-07-10,2021-07-17,0.5785388151589215,1400,1091.4655432906695,-22.03817547923789,1240.0762480691492,-11.423125137917916
2021-04-11,2021-07-11,2021-07-18,0.5839093595214458,1400,1130.2558299448772,-19.267440718223057,1264.830830840175,-9.654940654273219
2021-04-12,2021-07-12,2021-07-19,0.5678416485603146,1400,1057.3268280357913,-24.476655140300622,1209.6360160368254,-13.597427425941044
2021-04-13,2021-07-13,2021-07-20,0.5643024556452261,1400,1004.1875058697927,-28.272321009300516,1117.9444377134294,-20.14682587761219
2021-04-14,2021-07-14,2021-07-21,0.5587350110318713,1400,1057.3221981261615,-24.47698584813132,1119.199199030049,-20.057200069282217
2021-04-15,2021-07-15,2021-07-22,0.5579204012473495,1400,1115.4000453777137,-20.328568187306164,1129.9075531871947,-19.292317629486092
2021-04-16,2021-07-16,2021-07-23,0.576801127393601,1400,1191.0597200001425,-14.924305714275532,1188.1518379693564,-15.132011573617401
2021-04-17,2021-07-17,2021-07-24,0.5845937211734334,1400,1258.3321388886036,-10.119132936528315,1247.5465011819351,-10.889535629861777
2021-04-18,2021-07-18,2021-07-25,0.5888972658558278,1400,1267.0890241333748,-9.493641133330373,1376.3448033226568,-1.689656905524511
2021-04-19,2021-07-19,2021-07-26,0.5751442019439921,1400,1324.59735717115,-5.385903059203575,1477.8629802954536,5.561641449675254
2021-04-20,2021-07-20,2021-07-27,0.5756239501367811,1400,1287.0030526738208,-8.071210523298516,1420.8761728378252,1.4911552027017967
2021-04-21,2021-07-21,2021-07-28,0.5693341074301498,1400,1307.3903775972244,-6.614973028769684,1366.4218498967177,-2.3984392930915908
2021-04-22,2021-07-22,2021-07-29,0.5675703718004612,1400,1325.2370882280509,-5.340207983710651,1318.8874050344355,-5.79375678325461
2021-04-23,2021-07-23,2021-07-30,0.5841291909565217,1400,1399.5852241156451,-0.029626848882490515,1472.3446093341936,5.1674720952995425
2021-04-24,2021-07-24,2021-07-31,0.5896527623907498,1400,1466.7553499193662,4.7682392799547255,1537.032819589358,9.788058542097003
2021-04-25,2021-07-25,2021-08-01,0.5896825574280425,1400,1537.998252632672,9.857018045190848,1613.3309768921486,15.237926920867753
2021-04-26,2021-07-26,2021-08-02,0.5727293203078823,1400,1482.5384820829688,5.895605863069201,1496.067835513741,6.861988250981507
2021-04-27,2021-07-27,2021-08-03,0.5749570172602328,1400,1460.2930811480571,4.306648653432652,1377.7324013514767,-1.5905427606088065
2021-04-28,2021-07-28,2021-08-04,0.5703785646309648,1400,1490.9467528027567,6.496196628768335,1375.3651184990865,-1.7596343929223914
2021-04-29,2021-07-29,2021-08-05,0.5700517124758795,1400,1533.7583355191023,9.55416682279302,1377.2317772317772,-1.6263016263016294
2021-04-30,2021-07-30,2021-08-06,0.5819725010727563,1400,1650.6777034177123,17.90555024412231,1437.6292037608928,2.6878002686351983
2021-05-01,2021-07-31,2021-08-07,0.5857178486656305,1400,1768.5047579040315,26.321768421716534,1481.2967161584907,5.806908297035047
2021-05-02,2021-08-01,2021-08-08,0.5838401972685183,1400,1791.3268164553224,27.95191546109446,1469.681220511101,4.97723003650721
2021-05-03,2021-08-02,2021-08-09,0.570078419899939,1400,1734.9253560656834,23.92323971897739,1331.194366073967,-4.914688137573778
2021-05-04,2021-08-03,2021-08-10,0.5755832571111712,1400,1809.6798070180912,29.262843358435088,1313.0972268626797,-6.207340938380022
2021-05-05,2021-08-04,2021-08-11,0.5710517326950983,1400,1825.115600797496,30.365400056964,1324.8780083380707,-5.365856547280665
2021-05-06,2021-08-05,2021-08-12,0.5706561597382716,1400,1774.8776142643617,26.776972447454405,1246.7426565537696,-10.946953103302171
2021-05-07,2021-08-06,2021-08-13,0.581024874627277,1400,1848.338900418055,32.02420717271821,1282.811122824603,-8.37063408395693
2021-05-08,2021-08-07,2021-08-14,0.5837946365170983,1400,1910.117671220294,36.43697651573528,1237.3574070022178,-11.61732807127016
2021-05-09,2021-08-08,2021-08-15,0.5822179879990143,1400,1874.1247702895469,33.86605502068192,1166.6992870124423,-16.66433664196841
2021-05-10,2021-08-09,2021-08-16,0.5716933352840352,1400,1850.5084400475407,32.17917428911005,1149.8837846616052,-17.865443952742485
2021-05-11,2021-08-10,2021-08-17,0.5775575519568431,1400,1815.0554650816534,29.646818934403818,1105.1596940505644,-21.06002185353111
2021-05-12,2021-08-11,2021-08-18,0.5727306300084405,1400,1742.2465764856759,24.446184034691132,1045.3351660489434,-25.333202425075473
2021-05-13,2021-08-12,2021-08-19,0.5741758087374814,1400,1764.895859139183,26.063989938513068,1135.1404250604724,-18.918541067109118
2021-05-14,2021-08-13,2021-08-20,0.5836561813741522,1400,1889.983773402152,34.99884095729658,1151.4376931888316,-17.754450486512024
2021-05-15,2021-08-14,2021-08-21,0.5873452731720298,1400,1913.929180611108,36.70922718650772,1174.682064552676,-16.094138246237435
2021-05-16,2021-08-15,2021-08-22,0.58739495204369,1400,1883.9929473363698,34.570924809740696,1242.1624821572814,-11.274108417337045
2021-05-17,2021-08-16,2021-08-23,0.577212659064807,1400,1907.4684973987426,36.2477498141959,1377.585092856994,-1.6010647959290054
2021-05-18,2021-08-17,2021-08-24,0.5842589310055191,1400,1902.5807829263724,35.898627351883746,1339.1257861081006,-4.348158135135675
2021-05-19,2021-08-18,2021-08-25,0.5810584414565259,1400,1840.456128638229,31.46115204558779,1645.2908875037103,17.520777678836453
2021-05-20,2021-08-19,2021-08-26,0.580330601702228,1400,1830.9082285344275,30.779159181030536,1710.8622646406036,22.204447474328827
2021-05-21,2021-08-20,2021-08-27,0.5891390299145397,1400,1869.4324041636207,33.530886011687194,1758.832519063418,25.63089421881557
2021-05-22,2021-08-21,2021-08-28,0.5922842312695736,1400,1925.5871099651363,37.541936426081165,1956.7799488403082,39.769996345736295
2021-05-23,2021-08-22,2021-08-29,0.5909100152940594,1400,1903.344795662777,35.95319969019835,2188.0578765029545,56.28984832163961
2021-05-24,2021-08-23,2021-08-30,0.5776971519250842,1400,1876.943823576118,34.06741596972271,1909.8823489893437,36.420167784953115
2021-05-25,2021-08-24,2021-08-31,0.585594196370688,1400,1950.6728275303988,39.33377339502848,1812.8787731539974,29.49134093957124
2021-05-26,2021-08-25,2021-09-01,0.5755268802240917,1400,2078.8836651326505,48.491690366617895,1817.8078449416232,29.84341749583023
2021-05-27,2021-08-26,2021-09-02,0.5732926081193617,1400,2166.3179770788756,54.73699836277683,1912.810592693298,36.62932804952129
2021-05-28,2021-08-27,2021-09-03,0.5810616262479059,1400,2247.2965138276136,60.521179559115254,2124.321461359196,51.73724723994256
2021-05-29,2021-08-28,2021-09-04,0.5800515248958513,1400,2264.341337220686,61.73866694433472,2288.873439404283,63.49095995744879
2021-05-30,2021-08-29,2021-09-05,0.5734343402569161,1400,2241.463086569844,60.10450618356029,2348.1452557594685,67.72466112567632
2021-05-31,2021-08-30,2021-09-06,0.5664875318300543,1400,2219.900355857752,58.56431113269657,2196.5159668172064,56.89399762980045
2021-06-01,2021-08-31,2021-09-07,0.5767408623550261,1400,2020.7673312936697,44.34052366383355,1861.2677151909543,32.94769394221102
2021-06-02,2021-09-01,2021-09-08,0.5672649032531465,1400,1924.1285159404777,37.43775113860555,1772.9674432497015,26.640531660692968
2021-06-03,2021-09-02,2021-09-09,0.5635990528641512,1400,1962.3110023097586,40.16507159355419,1753.7336254753604,25.266687533954318
2021-06-04,2021-09-03,2021-09-10,0.5676844288759275,1400,1893.1253871040208,35.22324193600148,1722.8488136093583,23.060629543525597
2021-06-05,2021-09-04,2021-09-11,0.5637871801457691,1400,1847.947791850993,31.99627084649951,1707.2451690192197,21.946083501372833
2021-06-06,2021-09-05,2021-09-12,0.5561083148566244,1400,1862.289963708715,33.02071169347965,1749.4984700350772,24.96417643107694
2021-06-07,2021-09-06,2021-09-13,0.5519689791354685,1400,1807.1519573793153,29.08228266995109,1688.510603811257,20.607900272232637
2021-06-08,2021-09-07,2021-09-14,0.5673373644250218,1400,1901.374443134018,35.81246022385843,1900.9642654566082,35.78316181832916
2021-06-09,2021-09-08,2021-09-15,0.559410834000538,1400,1952.679457162278,39.477104083019846,1940.2770553832836,38.591218241663114
2021-06-10,2021-09-09,2021-09-16,0.5563421597690253,1400,1992.5728257423505,42.326630410167894,1983.7099632864922,41.693568806178014
2021-06-11,2021-09-10,2021-09-17,0.5607693241495778,1400,1947.4845704525858,39.10604074661327,2016.4868070705147,44.0347719336082
2021-06-12,2021-09-11,2021-09-18,0.5570916876718777,1400,1925.5038546846943,37.5359896203353,2053.431162449236,46.673654460659726
2021-06-13,2021-09-12,2021-09-19,0.5486536293042079,1400,1847.4539332745942,31.960995233899585,1939.979423868313,38.56995884773664
2021-06-14,2021-09-13,2021-09-20,0.5456745877706796,1400,1714.5532087424967,22.468086338749767,1733.2813220326962,23.805808716621154
2021-06-15,2021-09-14,2021-09-21,0.5566602856465027,1400,1608.2193982470287,14.87281416050205,1569.4108699785425,12.100776427038747
2021-06-16,2021-09-15,2021-09-22,0.5483550790467584,1400,1598.597627741853,14.185544838703793,1662.8154932389214,18.772535231351526
2021-06-17,2021-09-16,2021-09-23,0.5447009841901775,1400,1691.7432107175373,20.83880076553838,1823.3216199669569,30.23725856906835
2021-06-18,2021-09-17,2021-09-24,0.548089711858451,1400,1618.7774830768165,15.626963076915462,1827.7758868383246,30.555420488451755
2021-06-19,2021-09-18,2021-09-25,0.5435879468873334,1400,1573.132646533005,12.366617609500361,1822.0367413936544,30.14548152811817
2021-06-20,2021-09-19,2021-09-26,0.5371991905640678,1400,1573.8432125793606,12.417372327097187,1896.5482482301968,35.467732016442625
2021-06-21,2021-09-20,2021-09-27,0.5380981388207415,1400,1640.219984790608,17.158570342186277,2068.2453521509024,47.731810867921595
2021-06-22,2021-09-21,2021-09-28,0.5524717889340751,1400,1592.26236873323,13.733026338087859,2180.578043428917,55.75557453063694
2021-06-23,2021-09-22,2021-09-29,0.5419156756208713,1400,1553.6343079077444,10.973879136267458,2073.675182764589,48.119655911756354
2021-06-24,2021-09-23,2021-09-30,0.5349653077604204,1400,1574.6168868620214,12.472634775858669,2102.546571491257,50.181897963661214
2021-06-25,2021-09-24,2021-10-01,0.5377441814898188,1400,1696.179584464261,21.15568460459008,2316.7705447830103,65.4836103416436
2021-06-26,2021-09-25,2021-10-02,0.5331713297966422,1400,1792.7512744481235,28.05366246058025,2637.3920789749395,88.38514849820996
2021-06-27,2021-09-26,2021-10-03,0.5250930056670665,1400,1793.9067408407395,28.13619577433854,2523.1610044313147,80.2257860308082
2021-06-28,2021-09-27,2021-10-04,0.5224390206361456,1400,1754.9301386090829,25.352152757791636,2292.114382636922,63.722455902637286
2021-06-29,2021-09-28,2021-10-05,0.5331261191444319,1400,1841.2203588607842,31.515739918627446,2239.2517737722533,59.94655526944667
2021-06-30,2021-09-29,2021-10-06,0.5251312909614076,1400,1831.9257598317804,30.851839987984313,2233.2895874011715,59.520684814369396
2021-07-01,2021-09-30,2021-10-07,0.5179163514637359,1400,1846.35107631416,31.88221973672572,2291.7997557100484,63.69998255071775
2021-07-02,2021-10-01,2021-10-08,0.5169837438765531,1400,1865.2204796947772,33.23003426391266,2418.261031928798,72.73293085205698
2021-07-03,2021-10-02,2021-10-09,0.5068852365550848,1400,1817.9134877906183,29.850963413615595,2305.7779737139394,64.69842669385282
2021-07-04,2021-10-03,2021-10-10,0.5016101800776064,1400,1760.2052990121294,25.728949929437817,2147.5956914791304,53.39969224850931
2021-07-05,2021-10-04,2021-10-11,0.5034689791958125,1400,1764.1704071715028,26.012171940821627,2187.5967678641505,56.256911990296466
2021-07-06,2021-10-05,2021-10-12,0.5157685691841156,1400,1793.2808958819435,28.091492562995963,2142.358424548107,53.02560175343621
2021-07-07,2021-10-06,2021-10-13,0.5080693691625968,1400,1784.680030976379,27.477145069741354,2091.8533327661744,49.41809519758388
2021-07-08,2021-10-07,2021-10-14,0.5000479931790097,1400,1852.5628036898,32.325914549271424,2350.412152027226,67.886582287659
2021-07-09,2021-10-08,2021-10-15,0.4968243346783633,1400,1895.588534775174,35.39918105536957,2521.7276770118306,80.12340550084504
2021-07-10,2021-10-09,2021-10-16,0.4888455016943726,1400,1898.7590323162312,35.62564516544509,2545.7804702203166,81.84146215859404
2021-07-11,2021-10-10,2021-10-17,0.486392733987712,1400,1842.3632617259952,31.59737583757109,2491.71095229369,77.97935373526356
2021-07-12,2021-10-11,2021-10-18,0.4874140618605452,1400,1846.0710110155778,31.86221507254127,2537.8450817475205,81.27464869625146
2021-07-13,2021-10-12,2021-10-19,0.5005177856569504,1400,1907.1479445779607,36.22485318414005,2691.9571667911423,92.28265477079589
2021-07-14,2021-10-13,2021-10-20,0.49400084146213424,1400,1976.1910861682927,41.15650615487805,2883.646642672886,105.97476019092045
2021-07-15,2021-10-14,2021-10-21,0.48172389147022376,1400,2022.898320211996,44.49273715799971,2998.7125798899265,114.19375570642332
2021-07-16,2021-10-15,2021-10-22,0.47582438827657547,1400,1920.2654507922446,37.16181791373175,2963.2882977384293,111.66344983845924
2021-07-17,2021-10-16,2021-10-23,0.4677749867172748,1400,1898.3010623467087,35.5929330247649,3011.4704307772226,115.1050307698016
2021-07-18,2021-10-17,2021-10-24,0.4658058107430763,1400,1898.8201230292912,35.63000878780651,2948.3269358929983,110.59478113521418
2021-07-19,2021-10-18,2021-10-25,0.46595529542580455,1400,1935.7413815521913,38.26724153944224,3123.5546533047623,123.11104666462586
2021-07-20,2021-10-19,2021-10-26,0.47629884126318184,1400,1999.4930096460118,42.820929260429416,3302.6726308217944,135.90518791584245
2021-07-21,2021-10-20,2021-10-27,0.4675096680758758,1400,1923.666706328487,37.40476473774907,3044.148281237615,117.43916294554391
2021-07-22,2021-10-21,2021-10-28,0.45453030500526814,1400,1863.3151682477464,33.09394058912475,2870.734940301419,105.05249573581565
2021-07-23,2021-10-22,2021-10-29,0.44815519666022047,1400,1955.6237947701375,39.68741391215268,2958.5401997152458,111.3242999796604
2021-07-24,2021-10-23,2021-10-30,0.4394110694717807,1400,1906.8990358546027,36.20707398961448,2822.5627064469522,101.61162188906803
2021-07-25,2021-10-24,2021-10-31,0.438675441169967,1400,1880.4831739265323,34.320226709038025,2789.2444332901096,99.23174523500784
2021-07-26,2021-10-25,2021-11-01,0.4363210453831684,1400,1862.7156276870996,33.051116263364264,2595.1430047718914,85.36735748370653
2021-07-27,2021-10-26,2021-11-02,0.44392489286041614,1400,1972.9442798374046,40.92459141695747,2782.8681837698578,98.77629884070413
2021-07-28,2021-10-27,2021-11-03,0.4389683704034896,1400,2003.4253044193022,43.101807458521584,2782.4660874866636,98.74757767761882
2021-07-29,2021-10-28,2021-11-04,0.4289041824136357,1400,1937.1757631639546,38.3696973688539,2708.0888934571917,93.43492096122799
2021-07-30,2021-10-29,2021-11-05,0.4226438668820357,1400,1905.7814981058063,36.12724986470045,2634.7300940726705,88.19500671947647
2021-07-31,2021-10-30,2021-11-06,0.41599647299576575,1400,1844.1082048254996,31.722014630392824,2494.9591757152793,78.21136969394853
2021-08-01,2021-10-31,2021-11-07,0.41552685349707685,1400,1901.4301052599487,35.81643608999634,2456.2453511644135,75.44609651174382
2021-08-02,2021-11-01,2021-11-08,0.41632466262605416,1400,1965.472895504228,40.39092110744486,2553.326765950049,82.38048328214634
2021-08-03,2021-11-02,2021-11-09,0.4216996033131504,1400,2014.8005817056032,43.914327264685944,2633.614848237875,88.11534630270535
2021-08-04,2021-11-03,2021-11-10,0.41733189453447755,1400,1949.8998108334395,39.278557916674245,2502.4177875713476,78.74412768366768
2021-08-05,2021-11-04,2021-11-11,0.4082170412952144,1400,1910.259809081782,36.44712922012728,2434.9310180780217,73.92364414843013
2021-08-06,2021-11-05,2021-11-12,0.40308492021545556,1400,1878.3072037675863,34.16480026911331,2300.055352830222,64.28966805930158
2021-08-07,2021-11-06,2021-11-13,0.39835344431897,1400,1849.2164415453065,32.0868886818076,2152.4319562294245,53.74513973067317
2021-08-08,2021-11-07,2021-11-14,0.39903932707923057,1400,1836.9336478832593,31.20954627737566,2100.511052154698,50.03650372533558
2021-08-09,2021-11-08,2021-11-15,0.39887490435777123,1400,1857.0099822261268,32.64357015900906,2141.7036056136244,52.97882897240175
2021-08-10,2021-11-09,2021-11-16,0.40325698079306166,1400,1821.9231043626687,30.137364597333477,2011.789776341569,43.6992697386835
2021-08-11,2021-11-10,2021-11-17,0.400478497346012,1400,1683.4994688633776,20.24996206166983,1841.3947172456087,31.52819408897205
2021-08-12,2021-11-11,2021-11-18,0.3924197706032568,1400,1629.0875114846542,16.3633936774753,1868.64872164206,33.47490868871858
2021-08-13,2021-11-12,2021-11-19,0.389288350799983,1400,1614.5033630397852,15.321668788556087,1825.192617810428,30.370901272173423
2021-08-14,2021-11-13,2021-11-20,0.38677580470571477,1400,1671.5754082932522,19.398243449518013,1849.2460038509732,32.089000275069516
2021-08-15,2021-11-14,2021-11-21,0.3881698366112633,1400,1684.2572759611733,20.304091140083806,1887.1299247578395,34.794994625559966
2021-08-16,2021-11-15,2021-11-22,0.3874953611449658,1400,1615.0031661799885,15.357369012856322,1802.6315382975636,28.759395592683113
2021-08-17,2021-11-16,2021-11-23,0.3935847638177753,1400,1663.9307550589415,18.852196789924392,1883.3471221648042,34.52479444034316
2021-08-18,2021-11-17,2021-11-24,0.39297842738679195,1400,1680.5840340724374,20.041716719459814,1968.1597633136093,40.58284023668638
2021-08-19,2021-11-18,2021-11-25,0.38435622834663463,1400,1691.2250581594442,20.801789868531728,2004.108933921966,43.15063813728327
2021-08-20,2021-11-19,2021-11-26,0.38196533225495305,1400,1620.3618735319942,15.740133823713872,1834.0666670784208,31.004761934172915
2021-08-21,2021-11-20,2021-11-27,0.3793509234577521,1400,1559.359905965436,11.382850426102566,1766.0413489187108,26.145810637050772
2021-08-22,2021-11-21,2021-11-28,0.3801506535734549,1400,1575.3214993691824,12.52296424065589,1808.8078394447787,29.200559960341334
2021-08-23,2021-11-22,2021-11-29,0.38059498310554846,1400,1664.2200707259697,18.87286219471212,1852.4828875937328,32.3202062566952
2021-08-24,2021-11-23,2021-11-30,0.3854182983417655,1400,1755.8385792066308,25.4170413719022,1958.585554600172,39.89896818572657
2021-08-25,2021-11-24,2021-12-01,0.3834887616445462,1400,1785.3319298361848,27.523709274013203,2057.7315291309646,46.98082350935462
2021-08-26,2021-11-25,2021-12-02,0.3745495994505098,1400,1698.6610889239466,21.332934923139046,2012.4927890863219,43.749484934737275
2021-08-27,2021-11-26,2021-12-03,0.37465662894174945,1400,1638.6431911351085,17.045942223936322,1929.6877560539024,37.83483971813588
2021-08-28,2021-11-27,2021-12-04,0.3729903409060442,1400,1448.7355130165754,3.4811080726125287,1672.5786805777702,19.46990575555502
2021-08-29,2021-11-28,2021-12-05,0.37310408437594195,1400,1545.9828908976217,10.427349349830122,1800.9704940019371,28.640749571566936
2021-08-30,2021-11-29,2021-12-06,0.3732035878384136,1400,1549.974212866986,10.712443776213279,1789.5986777510686,27.828476982219186
2021-08-31,2021-11-30,2021-12-07,0.3766602082725272,1400,1637.1385288482086,16.93846634630061,1826.7371138662907,30.48122241902076
2021-09-01,2021-12-01,2021-12-08,0.3733972948827903,1400,1621.970637457762,15.855045532697284,1683.5859075229641,20.256136251640296
2021-09-02,2021-12-02,2021-12-09,0.36490297119410336,1400,1561.9963604340548,11.57116860243249,1585.93283986948,13.280917133534281
2021-09-03,2021-12-03,2021-12-10,0.36600613469014304,1400,1486.8779618106248,6.205568700758915,1470.5398997303216,5.038564266451544
2021-09-04,2021-12-04,2021-12-11,0.36797763381083964,1400,1461.1839872177725,4.370284801269463,1424.0859289543996,1.720423496742829
2021-09-05,2021-12-05,2021-12-12,0.3661919893536383,1400,1495.2827358873917,6.805909706242265,1462.495778798825,4.463984199916077
2021-09-06,2021-12-06,2021-12-13,0.36650303284360986,1400,1434.2289883662415,2.444927740445824,1398.0600758923217,-0.13856600769130573
2021-09-07,2021-12-07,2021-12-14,0.3696473236678097,1400,1398.5125949450812,-0.10624321820848438,1511.719661964113,7.979975854579494
2021-09-08,2021-12-08,2021-12-15,0.3687340868650455,1400,1429.047390349827,2.07481359641622,1599.6067147414165,14.257622481529747
2021-09-09,2021-12-09,2021-12-16,0.3618003736177155,1400,1459.2168848787064,4.229777491336173,1621.7402168449773,15.838586917498382
2021-09-10,2021-12-10,2021-12-17,0.3647658543988768,1400,1405.1181953884575,0.36558538488981995,1617.164944434782,15.51178174534157
2021-09-11,2021-12-11,2021-12-18,0.36754437053049843,1400,1427.6231949019725,1.9730853501408934,1659.0419008219078,18.50299291585056
2021-09-12,2021-12-12,2021-12-19,0.365098767840825,1400,1444.5242279252595,3.1803019946613955,1654.0726650521533,18.148047503725234
2021-09-13,2021-12-13,2021-12-20,0.3665384420163987,1400,1418.4121359929588,1.3151525709256313,1654.7444876466473,18.196034831903376
2021-09-14,2021-12-14,2021-12-21,0.36753809939035875,1400,1466.0469969912447,4.717642642231762,1666.2773766187263,19.01981261562331
2021-09-15,2021-12-15,2021-12-22,0.3650552225795816,1400,1464.1415834088311,4.581541672059367,1608.6162837334555,14.901163123818248
2021-09-16,2021-12-16,2021-12-23,0.3578733311583597,1400,1439.7709347831317,2.840781055937977,1572.6057918895679,12.328985134969132
2021-09-17,2021-12-17,2021-12-24,0.3607390270898588,1400,1472.3888055796967,5.170628969978338,1645.3853861924397,17.527527585174262
